{"metadata":{"asset_id":"068cb444-a3a1-4b0a-9fab-e5e4e2e31776","asset_attributes":["notebook"],"name":"coursera prıjectt","asset_type":"notebook","created_at":"2024-01-10T00:45:17Z","description":"","origin_country":"us","owner_id":"IBMid-6930008VV1","project_id":"3842d38c-73ab-4cbd-81ac-74e610ff23cf","size":539450,"tags":["notebook"],"usage":{"last_update_time":1704873011560,"last_updated_at":"2024-01-10T07:50:11Z"}},"entity":{"notebook":{"kernel":{"name":"python3","display_name":"Python 3.10","language":"python"},"originates_from":{"url":"https://cf-courses-data.s3.us.cloud-object-storage.appdomain.cloud/IBMDeveloperSkillsNetwork-PY0220EN-SkillsNetwork/labs/project/Final%20Assignment.ipynb","type":"url"},"runtime":{"environment":"rt231pys2-3842d38c-73ab-4cbd-81ac-74e610ff23cf"}},"location_definition":{"physical_location_code":"FRA","physical_location_code_assigned_by":"IBMid-6930008VV1","physical_location_code_rds_id":"c57cb90f-2126-3800-9c9f-9eab82021cdf","physical_location_code_rds_version":"00002024-0110-4004-8521-824091000000_4","physical_location_code_assignment_method":"INFERRED","physical_location_code_added_on":"1704847524478"}},"attachments":[{"id":"c86b7fef-4bb9-4196-9fb7-c3152279e28b","version":2,"asset_type":"notebook","name":"attachment for notebook 068cb444-a3a1-4b0a-9fab-e5e4e2e31776","description":"attachment for notebook 068cb444-a3a1-4b0a-9fab-e5e4e2e31776","mime":"application/json","datasource_type":"193a97c1-4475-4a19-b90c-295c4fdc6517","object_key":"notebook/coursera_pr_jectt_A8DrvRayw.ipynb","creator_id":"IBMid-6930008VV1","create_time":1704847524482,"size":539450,"is_remote":false,"is_managed":false,"is_referenced":true,"is_object_key_read_only":false,"is_user_provided_path_key":true,"transfer_complete":true,"is_partitioned":false,"complete_time_ticks":1704847524482,"user_data":{},"test_doc":0,"handle":{"bucket":"courseraproject-donotdelete-pr-sakdciviqht0ij","location":"eu-de","type":"bluemix_cos","key":"notebook/coursera_pr_jectt_A8DrvRayw.ipynb","upload_id":"done","max_part_num":1},"usage":{"access_count":22,"last_accessor_id":"IBMid-6930008VV1","last_access_time":1704873011557,"last_updater_id":"IBMid-6930008VV1","last_update_time":1704873011557}}]}
